{
  "users": [
    {
      "name": { "first": "regular", "last": "user" },
      "isBusiness": false,
      "phone": "050-0000000",
      "email": "regular@gmail.com",
      "password": "Aa1234!",
      "address": {
        "country": "israel",
        "city": "tel-aviv",
        "street": "magnive",
        "houseNumber": "5"
      },
      "image": { "url": "", "alt": "" }
    },
    {
      "name": { "first": "business", "last": "user" },
      "isBusiness": true,
      "phone": "050-0000000",
      "email": "business@gmail.com",
      "password": "Aa1234!",
      "address": {
        "country": "israel",
        "city": "tel-aviv",
        "street": "magnive",
        "houseNumber": "5"
      },
      "image": { "url": "", "alt": "" }
    },
    {
      "name": { "first": "admin", "last": "user" },
      "isBusiness": true,
      "isAdmin": true,
      "phone": "050-0000000",
      "email": "admin@gmail.com",
      "password": "Aa1234!",
      "address": {
        "country": "israel",
        "city": "tel-aviv",
        "street": "magnive",
        "houseNumber": "5"
      },
      "image": { "url": "", "alt": "" }
    }
  ],
  "cards": [
    {
      "title": "first card",
      "subtitle": "this is the first card",
      "description": "this is the first card in the database",
      "phone": "050-0000000",
      "email": "firstCard@gmail.com",
      "web": "https://www.test.co.il",
      "image": {
        "url": "",
        "alt": ""
      },
      "address": {
        "state": "",
        "country": "test",
        "city": "test",
        "street": "test",
        "houseNumber": 3,
        "zip": "0"
      }
    },
    {
      "title": "second card",
      "subtitle": "this is the second card",
      "description": "this is the second card in the database",
      "phone": "050-0000000",
      "email": "secondCard@gmail.com",
      "web": "https://www.test.co.il",
      "image": {
        "url": "",
        "alt": ""
      },
      "address": {
        "state": "",
        "country": "test",
        "city": "test",
        "street": "test",
        "houseNumber": 3,
        "zip": "0"
      }
    },
    {
      "title": "third card",
      "subtitle": "this is the third card",
      "description": "this is the third card in the database",
      "phone": "050-0000000",
      "email": "thirdCard@gmail.com",
      "web": "https://www.test.co.il",
      "image": {
        "url": "",
        "alt": ""
      },
      "address": {
        "state": "",
        "country": "test",
        "city": "test",
        "street": "test",
        "houseNumber": 3,
        "zip": "0"
      }
    }
  ]
}
